"data_usage_mb","call_duration_min","dropped_calls","app_frequency","age","arpu","tenure_months","amount","price","validity_days","data_limit_gb","sms_limit","latitude","longitude","signal_strength_dbm","monthly_data_gb","monthly_calls_min","Complaint_flag_num","Postpaid_plan_type","Basic_plan_type","Unlimited_plan_type","Premium_plan_type","Prepaid_plan_type","Social_app_category","Utility_app_category","Streaming_app_category","Gaming_app_category","Shopping_app_category","Feature_device_type","iOS_device_type","Android_device_type","Chennai_region_x","Hyderabad_region_x","Bangalore_region_x","Mumbai_region_x","Delhi_region_x","Female_gender","Male_gender","UPI_payment_mode","Wallet_payment_mode","Cash_payment_mode","Card_payment_mode","Retail Store_recharge_channel","App_recharge_channel","Website_recharge_channel","No_successful","Yes_successful","Regular_plan_category","Economy_plan_category","Ultra_plan_category","Advanced_plan_category","Standard_plan_category","20% Cashback_promo_offer","10% Off_promo_offer","5G Access_promo_offer","Free OTT_promo_offer","15% Off_promo_offer","3G_network_type","4G_network_type","5G_network_type","No_outage_flag","Yes_outage_flag","Medium_usage_category","High_usage_category","Low_usage_category","P (Complaint_flag_num=1)","P (Complaint_flag_num=0)","Prediction (Complaint_flag_num)"
-0.36055728187497116,-0.7952418843197003,0.6990436060941188,0.3669584980509819,0.9045433748553049,-0.5204380567958864,1.6497617658481154,-0.31708013350906716,-1.3658642074987624,-0.9195274373145457,-1.2797426653747985,-1.5249150198370036,-1.071083649138199,-0.5798814600755922,1.0716166012878734,0.45454842482504265,-1.1549243305903405,"0",-0.5190168890059804,2.540997179586523,-0.5293117608469888,-0.6112602913087738,-0.4349785617778755,-0.39092264301331164,1.7735714125897373,-0.45637656588882075,-0.560075182923075,-0.5190168890059805,-0.5805375177573019,1.4754251701201642,-0.8715548423003886,-0.6837038689316864,1.5469422429523028,-0.487925840004762,-0.3563248778100765,-0.29389932220779774,0.5086919568882526,-0.5086919568882542,-1.6527754435090893,2.989983277545211,-0.2803731668862628,-0.31977320394427095,0.5600751829230759,-0.4131938608772724,-0.319773203944271,0.46695693643825953,-0.46695693643826,-0.5190168890059804,2.540997179586523,-0.5293117608469888,-0.6112602913087738,-0.4349785617778755,-0.5190168890059804,2.540997179586523,-0.5293117608469888,-0.6112602913087738,-0.4349785617778755,-0.5907698443632764,1.2206555615733703,-0.7153440932286868,0.9575610042827964,-0.9575610042827962,-0.5190168890059806,0.662841590697939,-0.31977320394427106,0.004382851417164381,0.9956171485828356,"0"
1.5074017580766668,-1.092655831333527,-0.6897847503842625,1.4797032697689179,-0.38678299305505615,-1.1346942442599348,0.5827769465438224,1.585400667545326,-0.36400782058035475,-0.8293776885582178,-0.361154371823563,-0.2154467092246779,-1.071083649138199,-0.5798814600755922,1.0716166012878734,-0.6993288235855541,1.63722509215578,"0",1.913874778209553,-0.3909226430133117,-0.5293117608469888,-0.6112602913087738,-0.4349785617778755,2.5409971795865234,-0.560075182923075,-0.45637656588882075,-0.560075182923075,-0.5190168890059805,-0.5805375177573019,-0.673252262093667,1.1397255630082,-0.6837038689316864,1.5469422429523028,-0.487925840004762,-0.3563248778100765,-0.29389932220779774,0.5086919568882526,-0.5086919568882542,0.6010092521851231,-0.33222036417169004,-0.2803731668862628,-0.31977320394427095,0.5600751829230759,-0.4131938608772724,-0.319773203944271,0.46695693643825953,-0.46695693643826,1.913874778209553,-0.3909226430133117,-0.5293117608469888,-0.6112602913087738,-0.4349785617778755,1.913874778209553,-0.3909226430133117,-0.5293117608469888,-0.6112602913087738,-0.4349785617778755,-0.5907698443632764,1.2206555615733703,-0.7153440932286868,0.9575610042827964,-0.9575610042827962,1.913874778209553,-1.4985983789692539,-0.31977320394427106,0.840872160442411,0.1591278395575891,"1"
-1.5380256261246419,0.2302497667483192,0.004629427854928148,0.886239391519352,0.1666425931922415,1.3811813978083833,0.3541373424071885,1.585400667545326,0.13692037287884906,0.3425690452740464,1.476022215278908,1.4213886790407293,0.4462409497393298,1.5488472172923178,0.9641684126560675,-0.17605751199892183,-1.0137733679800771,"1",-0.5190168890059804,-0.3909226430133117,-0.5293117608469888,1.6250578476257638,-0.4349785617778755,-0.39092264301331164,-0.560075182923075,2.1765651603928364,-0.560075182923075,-0.5190168890059805,-0.5805375177573019,1.4754251701201642,-0.8715548423003886,1.4528707214798344,-0.6421269687726538,-0.487925840004762,-0.3563248778100765,-0.29389932220779774,0.5086919568882526,-0.5086919568882542,0.6010092521851231,-0.33222036417169004,-0.2803731668862628,-0.31977320394427095,-1.773571412589736,2.4040370087404925,-0.319773203944271,-2.1272482659965166,2.127248265996516,-0.5190168890059804,-0.3909226430133117,-0.5293117608469888,1.6250578476257638,-0.4349785617778755,-0.5190168890059804,-0.3909226430133117,-0.5293117608469888,1.6250578476257638,-0.4349785617778755,1.6814218647262456,-0.813770374382247,-0.7153440932286868,0.9575610042827964,-0.9575610042827962,-0.5190168890059806,0.662841590697939,-0.31977320394427106,0.8631146011658252,0.13688539883417492,"1"
-1.1588614370812809,0.8369411295236897,-0.6897847503842625,1.2571543154253308,0.8123057771474218,0.9729033330867702,-1.3987662893070074,-0.0000000000000017763568394002505,1.639704953256461,1.6046655278626383,-0.0000000000000004440892098500626,-0.0000000000000004440892098500626,0.4462409497393298,1.5488472172923178,0.9641684126560675,0.4074937085114865,-1.1329614721792254,"1",-0.5190168890059804,-0.3909226430133117,1.8766507884575065,-0.6112602913087738,-0.4349785617778755,-0.39092264301331164,-0.560075182923075,2.1765651603928364,-0.560075182923075,-0.5190168890059805,-0.5805375177573019,1.4754251701201642,-0.8715548423003886,1.4528707214798344,-0.6421269687726538,-0.487925840004762,-0.3563248778100765,-0.29389932220779774,0.5086919568882526,-0.5086919568882542,0.6010092521851231,-0.33222036417169004,-0.2803731668862628,-0.31977320394427095,0.5600751829230759,-0.4131938608772724,-0.319773203944271,0.46695693643825953,-0.46695693643826,-0.5190168890059804,-0.3909226430133117,1.8766507884575065,-0.6112602913087738,-0.4349785617778755,-0.5190168890059804,-0.3909226430133117,1.8766507884575065,-0.6112602913087738,-0.4349785617778755,1.6814218647262456,-0.813770374382247,-0.7153440932286868,0.9575610042827964,-0.9575610042827962,-0.5190168890059806,0.662841590697939,-0.31977320394427106,0.9685814693927259,0.03141853060727399,"1"
1.7521019695359603,-1.096529172808999,-1.384198928623453,0.886239391519352,1.6424441565183687,0.12692175753748192,1.1162693561959691,1.585400667545326,1.639704953256461,1.6046655278626383,-0.0000000000000004440892098500626,-0.0000000000000004440892098500626,0.4462409497393298,1.5488472172923178,0.9641684126560675,-0.39701145469353083,1.5090142061993703,"1",-0.5190168890059804,-0.3909226430133117,1.8766507884575065,-0.6112602913087738,-0.4349785617778755,-0.39092264301331164,-0.560075182923075,-0.45637656588882075,1.7735714125897364,-0.5190168890059805,-0.5805375177573019,-0.673252262093667,1.1397255630082,-0.6837038689316864,-0.6421269687726538,-0.487925840004762,-0.3563248778100765,3.379842205389675,0.5086919568882526,-0.5086919568882542,0.6010092521851231,-0.33222036417169004,-0.2803731668862628,-0.31977320394427095,-1.773571412589736,2.4040370087404925,-0.319773203944271,0.46695693643825953,-0.46695693643826,-0.5190168890059804,-0.3909226430133117,1.8766507884575065,-0.6112602913087738,-0.4349785617778755,-0.5190168890059804,-0.3909226430133117,1.8766507884575065,-0.6112602913087738,-0.4349785617778755,1.6814218647262456,-0.813770374382247,-0.7153440932286868,0.9575610042827964,-0.9575610042827962,-0.5190168890059806,0.662841590697939,-0.31977320394427106,0.7755984932846676,0.22440150671533235,"1"
0.3456814472377425,-0.7617190489705945,-0.6897847503842625,1.7022522241125053,-0.29454539534717306,1.03911058682541,-1.6274058934436417,-0.0000000000000017763568394002505,-0.8649360140395586,-0.9195274373145457,-0.9735465675243866,-0.8701808645308409,1.4261797531810672,-0.6587232629410718,-1.5071399258754665,1.6041249439816152,0.5802483599724877,"1",-0.5190168890059804,-0.3909226430133117,-0.5293117608469888,-0.6112602913087738,2.283637449333847,2.5409971795865234,-0.560075182923075,-0.45637656588882075,-0.560075182923075,-0.5190168890059805,1.7110579470741527,-0.673252262093667,-0.8715548423003886,-0.6837038689316864,1.5469422429523028,-0.487925840004762,-0.3563248778100765,-0.29389932220779774,0.5086919568882526,-0.5086919568882542,0.6010092521851231,-0.33222036417169004,-0.2803731668862628,-0.31977320394427095,0.5600751829230759,-0.4131938608772724,-0.319773203944271,0.46695693643825953,-0.46695693643826,-0.5190168890059804,-0.3909226430133117,-0.5293117608469888,-0.6112602913087738,2.283637449333847,-0.5190168890059804,-0.3909226430133117,-0.5293117608469888,-0.6112602913087738,2.283637449333847,-0.5907698443632764,1.2206555615733703,-0.7153440932286868,-1.0373577546396957,1.037357754639696,-0.5190168890059806,0.662841590697939,-0.31977320394427106,0.9931684069377787,0.006831593062221301,"1"
-1.0098608132719091,0.5225505795500041,-0.6897847503842625,1.776435208893701,-1.3091589701338853,-0.917681579227726,0.8876297520593348,-0.0000000000000017763568394002505,-0.8649360140395586,-0.9195274373145457,-0.9735465675243866,-0.8701808645308409,0.4462409497393298,1.5488472172923178,0.9641684126560675,-1.1868304372174197,1.6845682345894557,"1",-0.5190168890059804,-0.3909226430133117,-0.5293117608469888,-0.6112602913087738,2.283637449333847,-0.39092264301331164,-0.560075182923075,-0.45637656588882075,1.7735714125897364,-0.5190168890059805,-0.5805375177573019,-0.673252262093667,1.1397255630082,1.4528707214798344,-0.6421269687726538,-0.487925840004762,-0.3563248778100765,-0.29389932220779774,0.5086919568882526,-0.5086919568882542,0.6010092521851231,-0.33222036417169004,-0.2803731668862628,-0.31977320394427095,0.5600751829230759,-0.4131938608772724,-0.319773203944271,0.46695693643825953,-0.46695693643826,-0.5190168890059804,-0.3909226430133117,-0.5293117608469888,-0.6112602913087738,2.283637449333847,-0.5190168890059804,-0.3909226430133117,-0.5293117608469888,-0.6112602913087738,2.283637449333847,1.6814218647262456,-0.813770374382247,-0.7153440932286868,0.9575610042827964,-0.9575610042827962,1.913874778209553,-1.4985983789692539,-0.31977320394427106,0.9483410556020977,0.051658944397902265,"1"
-1.4798790412234235,-0.2837690704958402,-0.6897847503842625,0.4411414828321776,-1.0324461770102364,-1.4142359822675257,0.2779241410283104,-0.0000000000000017763568394002505,0.13692037287884906,0.3425690452740464,1.476022215278908,1.4213886790407293,-0.10695031026810264,-1.5062726437449623,-0.5401062281892139,1.1967222310843844,0.6983919292205163,"1",-0.5190168890059804,-0.3909226430133117,-0.5293117608469888,1.6250578476257638,-0.4349785617778755,-0.39092264301331164,1.7735714125897373,-0.45637656588882075,-0.560075182923075,-0.5190168890059805,-0.5805375177573019,-0.673252262093667,1.1397255630082,-0.6837038689316864,-0.6421269687726538,2.0358285048474554,-0.3563248778100765,-0.29389932220779774,0.5086919568882526,-0.5086919568882542,0.6010092521851231,-0.33222036417169004,-0.2803731668862628,-0.31977320394427095,0.5600751829230759,-0.4131938608772724,-0.319773203944271,0.46695693643825953,-0.46695693643826,-0.5190168890059804,-0.3909226430133117,-0.5293117608469888,1.6250578476257638,-0.4349785617778755,-0.5190168890059804,-0.3909226430133117,-0.5293117608469888,1.6250578476257638,-0.4349785617778755,-0.5907698443632764,-0.813770374382247,1.3886091221498036,0.9575610042827964,-0.9575610042827962,-0.5190168890059806,0.662841590697939,-0.31977320394427106,0.0033215030754782083,0.9966784969245218,"0"
0.1651847566068776,1.2953737466017692,1.3934577843333094,0.07022655892619878,0.8123057771474218,0.9729033330867702,-1.3987662893070074,-0.0000000000000017763568394002505,0.13692037287884906,0.3425690452740464,1.476022215278908,1.4213886790407293,-1.071083649138199,-0.5798814600755922,1.0716166012878734,0.4074937085114865,-1.1329614721792254,"1",-0.5190168890059804,-0.3909226430133117,-0.5293117608469888,1.6250578476257638,-0.4349785617778755,-0.39092264301331164,-0.560075182923075,-0.45637656588882075,1.7735714125897364,-0.5190168890059805,-0.5805375177573019,-0.673252262093667,1.1397255630082,1.4528707214798344,-0.6421269687726538,-0.487925840004762,-0.3563248778100765,-0.29389932220779774,0.5086919568882526,-0.5086919568882542,0.6010092521851231,-0.33222036417169004,-0.2803731668862628,-0.31977320394427095,0.5600751829230759,-0.4131938608772724,-0.319773203944271,0.46695693643825953,-0.46695693643826,-0.5190168890059804,-0.3909226430133117,-0.5293117608469888,1.6250578476257638,-0.4349785617778755,-0.5190168890059804,-0.3909226430133117,-0.5293117608469888,1.6250578476257638,-0.4349785617778755,-0.5907698443632764,1.2206555615733703,-0.7153440932286868,0.9575610042827964,-0.9575610042827962,-0.5190168890059806,0.662841590697939,-0.31977320394427106,0.9762767262106602,0.023723273789339906,"1"
-0.11101152167390937,-0.4000649153632594,0.004629427854928148,0.5153244676133732,0.9045433748553049,-0.5204380567958864,1.6497617658481154,-0.0000000000000017763568394002505,0.13692037287884906,0.3425690452740464,1.476022215278908,1.4213886790407293,1.4261797531810672,-0.6587232629410718,-1.5071399258754665,0.45454842482504265,-1.1549243305903405,"0",-0.5190168890059804,-0.3909226430133117,-0.5293117608469888,1.6250578476257638,-0.4349785617778755,2.5409971795865234,-0.560075182923075,-0.45637656588882075,-0.560075182923075,-0.5190168890059805,-0.5805375177573019,1.4754251701201642,-0.8715548423003886,-0.6837038689316864,1.5469422429523028,-0.487925840004762,-0.3563248778100765,-0.29389932220779774,0.5086919568882526,-0.5086919568882542,0.6010092521851231,-0.33222036417169004,-0.2803731668862628,-0.31977320394427095,0.5600751829230759,-0.4131938608772724,-0.319773203944271,0.46695693643825953,-0.46695693643826,-0.5190168890059804,-0.3909226430133117,-0.5293117608469888,1.6250578476257638,-0.4349785617778755,-0.5190168890059804,-0.3909226430133117,-0.5293117608469888,1.6250578476257638,-0.4349785617778755,-0.5907698443632764,1.2206555615733703,-0.7153440932286868,-1.0373577546396957,1.037357754639696,-0.5190168890059806,0.662841590697939,-0.31977320394427106,0.2862438693024068,0.7137561306975931,"0"
-0.8741854485023995,-1.2405749820116814,0.6990436060941188,0.9604223763005477,-1.4013965678417684,1.1457778289598854,0.43035054378606663,-0.0000000000000017763568394002505,1.639704953256461,1.6046655278626383,-0.0000000000000004440892098500626,-0.0000000000000004440892098500626,0.4462409497393298,1.5488472172923178,0.9641684126560675,1.4433220667970477,-0.7939904396210542,"1",-0.5190168890059804,-0.3909226430133117,1.8766507884575065,-0.6112602913087738,-0.4349785617778755,-0.39092264301331164,-0.560075182923075,-0.45637656588882075,1.7735714125897364,-0.5190168890059805,-0.5805375177573019,-0.673252262093667,1.1397255630082,-0.6837038689316864,1.5469422429523028,-0.487925840004762,-0.3563248778100765,-0.29389932220779774,0.5086919568882526,-0.5086919568882542,0.6010092521851231,-0.33222036417169004,-0.2803731668862628,-0.31977320394427095,0.5600751829230759,-0.4131938608772724,-0.319773203944271,0.46695693643825953,-0.46695693643826,-0.5190168890059804,-0.3909226430133117,1.8766507884575065,-0.6112602913087738,-0.4349785617778755,-0.5190168890059804,-0.3909226430133117,1.8766507884575065,-0.6112602913087738,-0.4349785617778755,1.6814218647262456,-0.813770374382247,-0.7153440932286868,0.9575610042827964,-0.9575610042827962,-0.5190168890059806,0.662841590697939,-0.31977320394427106,0.977601761407434,0.022398238592565914,"1"
-1.5380256261246419,0.2302497667483192,0.004629427854928148,0.886239391519352,0.1666425931922415,1.3811813978083833,0.3541373424071885,-0.9512404005271979,0.13692037287884906,0.3425690452740464,1.476022215278908,1.4213886790407293,0.4462409497393298,1.5488472172923178,0.9641684126560675,-0.17605751199892183,-1.0137733679800771,"1",-0.5190168890059804,-0.3909226430133117,-0.5293117608469888,1.6250578476257638,-0.4349785617778755,-0.39092264301331164,-0.560075182923075,2.1765651603928364,-0.560075182923075,-0.5190168890059805,-0.5805375177573019,1.4754251701201642,-0.8715548423003886,1.4528707214798344,-0.6421269687726538,-0.487925840004762,-0.3563248778100765,-0.29389932220779774,0.5086919568882526,-0.5086919568882542,0.6010092521851231,-0.33222036417169004,-0.2803731668862628,-0.31977320394427095,0.5600751829230759,-0.4131938608772724,-0.319773203944271,0.46695693643825953,-0.46695693643826,-0.5190168890059804,-0.3909226430133117,-0.5293117608469888,1.6250578476257638,-0.4349785617778755,-0.5190168890059804,-0.3909226430133117,-0.5293117608469888,1.6250578476257638,-0.4349785617778755,1.6814218647262456,-0.813770374382247,-0.7153440932286868,0.9575610042827964,-0.9575610042827962,-0.5190168890059806,0.662841590697939,-0.31977320394427106,0.1956377520592988,0.8043622479407012,"0"
-0.2575893711123971,-1.3043993728563272,-0.6897847503842625,-0.9683352280105418,-0.20230779763928997,1.057501490641699,-0.941487081033739,-0.0000000000000017763568394002505,0.13692037287884906,0.3425690452740464,1.476022215278908,1.4213886790407293,-0.10695031026810264,-1.5062726437449623,-0.5401062281892139,-1.3354669195653392,0.7275962544703176,"1",-0.5190168890059804,-0.3909226430133117,-0.5293117608469888,1.6250578476257638,-0.4349785617778755,-0.39092264301331164,1.7735714125897373,-0.45637656588882075,-0.560075182923075,-0.5190168890059805,-0.5805375177573019,-0.673252262093667,1.1397255630082,-0.6837038689316864,-0.6421269687726538,2.0358285048474554,-0.3563248778100765,-0.29389932220779774,0.5086919568882526,-0.5086919568882542,0.6010092521851231,-0.33222036417169004,-0.2803731668862628,-0.31977320394427095,0.5600751829230759,-0.4131938608772724,-0.319773203944271,0.46695693643825953,-0.46695693643826,-0.5190168890059804,-0.3909226430133117,-0.5293117608469888,1.6250578476257638,-0.4349785617778755,-0.5190168890059804,-0.3909226430133117,-0.5293117608469888,1.6250578476257638,-0.4349785617778755,-0.5907698443632764,-0.813770374382247,1.3886091221498036,0.9575610042827964,-0.9575610042827962,1.913874778209553,-1.4985983789692539,-0.31977320394427106,0.01895398105393041,0.9810460189460695,"0"
-0.3799394768420441,1.6594267466611685,0.6990436060941188,-0.07813941063619279,0.1666425931922415,1.3811813978083833,0.3541373424071885,1.585400667545326,0.13692037287884906,0.3425690452740464,1.476022215278908,1.4213886790407293,0.4462409497393298,1.5488472172923178,0.9641684126560675,-0.17605751199892183,-1.0137733679800771,"1",-0.5190168890059804,-0.3909226430133117,-0.5293117608469888,1.6250578476257638,-0.4349785617778755,-0.39092264301331164,1.7735714125897373,-0.45637656588882075,-0.560075182923075,-0.5190168890059805,1.7110579470741527,-0.673252262093667,-0.8715548423003886,1.4528707214798344,-0.6421269687726538,-0.487925840004762,-0.3563248778100765,-0.29389932220779774,0.5086919568882526,-0.5086919568882542,0.6010092521851231,-0.33222036417169004,-0.2803731668862628,-0.31977320394427095,-1.773571412589736,2.4040370087404925,-0.319773203944271,-2.1272482659965166,2.127248265996516,-0.5190168890059804,-0.3909226430133117,-0.5293117608469888,1.6250578476257638,-0.4349785617778755,-0.5190168890059804,-0.3909226430133117,-0.5293117608469888,1.6250578476257638,-0.4349785617778755,1.6814218647262456,-0.813770374382247,-0.7153440932286868,0.9575610042827964,-0.9575610042827962,-0.5190168890059806,0.662841590697939,-0.31977320394427106,0.8919392121954413,0.1080607878045587,"1"
0.4038280321389609,0.887651190830218,0.004629427854928148,-0.3748713497609757,-1.4013965678417684,1.1457778289598854,0.43035054378606663,-0.0000000000000017763568394002505,1.639704953256461,1.6046655278626383,-0.0000000000000004440892098500626,-0.0000000000000004440892098500626,1.4261797531810672,-0.6587232629410718,-1.5071399258754665,1.4433220667970477,-0.7939904396210542,"1",-0.5190168890059804,-0.3909226430133117,1.8766507884575065,-0.6112602913087738,-0.4349785617778755,-0.39092264301331164,-0.560075182923075,-0.45637656588882075,-0.560075182923075,1.9138747782095527,-0.5805375177573019,-0.673252262093667,1.1397255630082,-0.6837038689316864,1.5469422429523028,-0.487925840004762,-0.3563248778100765,-0.29389932220779774,0.5086919568882526,-0.5086919568882542,0.6010092521851231,-0.33222036417169004,-0.2803731668862628,-0.31977320394427095,0.5600751829230759,-0.4131938608772724,-0.319773203944271,0.46695693643825953,-0.46695693643826,-0.5190168890059804,-0.3909226430133117,1.8766507884575065,-0.6112602913087738,-0.4349785617778755,-0.5190168890059804,-0.3909226430133117,1.8766507884575065,-0.6112602913087738,-0.4349785617778755,-0.5907698443632764,1.2206555615733703,-0.7153440932286868,-1.0373577546396957,1.037357754639696,-0.5190168890059806,0.662841590697939,-0.31977320394427106,0.9954873849402696,0.004512615059730509,"1"
1.3995882985723245,-1.0912929216965739,0.004629427854928148,1.4797032697689179,-1.0324461770102364,1.4768140976530852,1.421122161711481,-0.31708013350906716,-1.3658642074987624,-0.9195274373145457,-1.2797426653747985,-1.5249150198370036,-1.0552781845665584,-0.047699290733614674,-0.11031347366199018,-1.0265564894896075,-0.42102683685312425,"1",-0.5190168890059804,2.540997179586523,-0.5293117608469888,-0.6112602913087738,-0.4349785617778755,-0.39092264301331164,1.7735714125897373,-0.45637656588882075,-0.560075182923075,-0.5190168890059805,1.7110579470741527,-0.673252262093667,-0.8715548423003886,-0.6837038689316864,-0.6421269687726538,-0.487925840004762,-0.3563248778100765,3.379842205389675,0.5086919568882526,-0.5086919568882542,-1.6527754435090893,-0.33222036417169004,-0.2803731668862628,3.1063682668872037,-1.773571412589736,-0.4131938608772724,3.1063682668872037,0.46695693643825953,-0.46695693643826,-0.5190168890059804,2.540997179586523,-0.5293117608469888,-0.6112602913087738,-0.4349785617778755,-0.5190168890059804,2.540997179586523,-0.5293117608469888,-0.6112602913087738,-0.4349785617778755,-0.5907698443632764,-0.813770374382247,1.3886091221498036,-1.0373577546396957,1.037357754639696,1.913874778209553,-1.4985983789692539,-0.31977320394427106,0.0011096660637419052,0.9988903339362581,"0"
0.8762690344613595,0.73228798563249,0.004629427854928148,1.1829713306441352,1.6424441565183687,0.12692175753748192,1.1162693561959691,-1.5854006675453292,-0.8649360140395586,-0.9195274373145457,-0.9735465675243866,-0.8701808645308409,-1.0552781845665584,-0.047699290733614674,-0.11031347366199018,-0.39701145469353083,1.5090142061993703,"1",-0.5190168890059804,-0.3909226430133117,-0.5293117608469888,-0.6112602913087738,2.283637449333847,2.5409971795865234,-0.560075182923075,-0.45637656588882075,-0.560075182923075,-0.5190168890059805,1.7110579470741527,-0.673252262093667,-0.8715548423003886,-0.6837038689316864,-0.6421269687726538,-0.487925840004762,-0.3563248778100765,3.379842205389675,0.5086919568882526,-0.5086919568882542,0.6010092521851231,-0.33222036417169004,-0.2803731668862628,-0.31977320394427095,-1.773571412589736,2.4040370087404925,-0.319773203944271,0.46695693643825953,-0.46695693643826,-0.5190168890059804,-0.3909226430133117,-0.5293117608469888,-0.6112602913087738,2.283637449333847,-0.5190168890059804,-0.3909226430133117,-0.5293117608469888,-0.6112602913087738,2.283637449333847,-0.5907698443632764,-0.813770374382247,1.3886091221498036,-1.0373577546396957,1.037357754639696,-0.5190168890059806,0.662841590697939,-0.31977320394427106,0.220256282316216,0.779743717683784,"0"
1.867183752152955,-1.228147945779404,-1.384198928623453,-1.6359820910413037,-1.3091589701338853,-1.377454174634948,0.8114165506804567,-0.0000000000000017763568394002505,-0.36400782058035475,-0.8293776885582178,-0.361154371823563,-0.2154467092246779,-1.071083649138199,-0.5798814600755922,1.0716166012878734,0.07180583267831775,0.2021387306033251,"1",1.913874778209553,-0.3909226430133117,-0.5293117608469888,-0.6112602913087738,-0.4349785617778755,-0.39092264301331164,-0.560075182923075,2.1765651603928364,-0.560075182923075,-0.5190168890059805,-0.5805375177573019,1.4754251701201642,-0.8715548423003886,-0.6837038689316864,-0.6421269687726538,-0.487925840004762,-0.3563248778100765,3.379842205389675,-1.9527207377323308,1.9527207377323288,0.6010092521851231,-0.33222036417169004,-0.2803731668862628,-0.31977320394427095,0.5600751829230759,-0.4131938608772724,-0.319773203944271,0.46695693643825953,-0.46695693643826,1.913874778209553,-0.3909226430133117,-0.5293117608469888,-0.6112602913087738,-0.4349785617778755,1.913874778209553,-0.3909226430133117,-0.5293117608469888,-0.6112602913087738,-0.4349785617778755,-0.5907698443632764,1.2206555615733703,-0.7153440932286868,0.9575610042827964,-0.9575610042827962,-0.5190168890059806,0.662841590697939,-0.31977320394427106,0.991367366487288,0.008632633512712075,"1"
-0.3799394768420441,1.6594267466611685,0.6990436060941188,-0.07813941063619279,0.1666425931922415,1.3811813978083833,0.3541373424071885,-0.9512404005271979,0.13692037287884906,0.3425690452740464,1.476022215278908,1.4213886790407293,0.4462409497393298,1.5488472172923178,0.9641684126560675,-0.17605751199892183,-1.0137733679800771,"1",-0.5190168890059804,-0.3909226430133117,-0.5293117608469888,1.6250578476257638,-0.4349785617778755,-0.39092264301331164,1.7735714125897373,-0.45637656588882075,-0.560075182923075,-0.5190168890059805,1.7110579470741527,-0.673252262093667,-0.8715548423003886,1.4528707214798344,-0.6421269687726538,-0.487925840004762,-0.3563248778100765,-0.29389932220779774,0.5086919568882526,-0.5086919568882542,0.6010092521851231,-0.33222036417169004,-0.2803731668862628,-0.31977320394427095,0.5600751829230759,-0.4131938608772724,-0.319773203944271,0.46695693643825953,-0.46695693643826,-0.5190168890059804,-0.3909226430133117,-0.5293117608469888,1.6250578476257638,-0.4349785617778755,-0.5190168890059804,-0.3909226430133117,-0.5293117608469888,1.6250578476257638,-0.4349785617778755,1.6814218647262456,-0.813770374382247,-0.7153440932286868,0.9575610042827964,-0.9575610042827962,-0.5190168890059806,0.662841590697939,-0.31977320394427106,0.24149798589904609,0.758502014100954,"0"
-1.5780014032442296,0.7999660816922456,0.6990436060941188,-0.6716032888857588,-0.8479709815944707,-0.8110143370932505,0.9638429534382129,-0.0000000000000017763568394002505,0.13692037287884906,0.3425690452740464,1.476022215278908,1.4213886790407293,-1.0552781845665584,-0.047699290733614674,-0.11031347366199018,-0.6659925902412833,-1.1117519854123783,"1",-0.5190168890059804,-0.3909226430133117,-0.5293117608469888,1.6250578476257638,-0.4349785617778755,-0.39092264301331164,-0.560075182923075,-0.45637656588882075,1.7735714125897364,-0.5190168890059805,-0.5805375177573019,-0.673252262093667,1.1397255630082,-0.6837038689316864,-0.6421269687726538,2.0358285048474554,-0.3563248778100765,-0.29389932220779774,-1.9527207377323308,1.9527207377323288,0.6010092521851231,-0.33222036417169004,-0.2803731668862628,-0.31977320394427095,0.5600751829230759,-0.4131938608772724,-0.319773203944271,0.46695693643825953,-0.46695693643826,-0.5190168890059804,-0.3909226430133117,-0.5293117608469888,1.6250578476257638,-0.4349785617778755,-0.5190168890059804,-0.3909226430133117,-0.5293117608469888,1.6250578476257638,-0.4349785617778755,-0.5907698443632764,-0.813770374382247,1.3886091221498036,-1.0373577546396957,1.037357754639696,1.913874778209553,-1.4985983789692539,-0.31977320394427106,0.7559795680436445,0.2440204319563555,"1"
-0.04438522647459675,-1.4945950119708344,1.3934577843333094,-1.4134331366977164,1.6424441565183687,0.12692175753748192,1.1162693561959691,-1.5854006675453292,-0.8649360140395586,-0.9195274373145457,-0.9735465675243866,-0.8701808645308409,0.4462409497393298,1.5488472172923178,0.9641684126560675,-0.39701145469353083,1.5090142061993703,"1",-0.5190168890059804,-0.3909226430133117,-0.5293117608469888,-0.6112602913087738,2.283637449333847,-0.39092264301331164,-0.560075182923075,-0.45637656588882075,1.7735714125897364,-0.5190168890059805,-0.5805375177573019,-0.673252262093667,1.1397255630082,-0.6837038689316864,-0.6421269687726538,-0.487925840004762,-0.3563248778100765,3.379842205389675,0.5086919568882526,-0.5086919568882542,0.6010092521851231,-0.33222036417169004,-0.2803731668862628,-0.31977320394427095,-1.773571412589736,2.4040370087404925,-0.319773203944271,0.46695693643825953,-0.46695693643826,-0.5190168890059804,-0.3909226430133117,-0.5293117608469888,-0.6112602913087738,2.283637449333847,-0.5190168890059804,-0.3909226430133117,-0.5293117608469888,-0.6112602913087738,2.283637449333847,1.6814218647262456,-0.813770374382247,-0.7153440932286868,0.9575610042827964,-0.9575610042827962,-0.5190168890059806,0.662841590697939,-0.31977320394427106,0.8270554217824653,0.17294457821753478,"1"
1.110066761251675,1.011696561856936,1.3934577843333094,1.0346053610817434,-1.3091589701338853,-0.917681579227726,0.8876297520593348,-0.0000000000000017763568394002505,-0.8649360140395586,-0.9195274373145457,-0.9735465675243866,-0.8701808645308409,0.4462409497393298,1.5488472172923178,0.9641684126560675,-1.1868304372174197,1.6845682345894557,"1",-0.5190168890059804,-0.3909226430133117,-0.5293117608469888,-0.6112602913087738,2.283637449333847,-0.39092264301331164,1.7735714125897373,-0.45637656588882075,-0.560075182923075,-0.5190168890059805,-0.5805375177573019,1.4754251701201642,-0.8715548423003886,1.4528707214798344,-0.6421269687726538,-0.487925840004762,-0.3563248778100765,-0.29389932220779774,0.5086919568882526,-0.5086919568882542,0.6010092521851231,-0.33222036417169004,-0.2803731668862628,-0.31977320394427095,0.5600751829230759,-0.4131938608772724,-0.319773203944271,0.46695693643825953,-0.46695693643826,-0.5190168890059804,-0.3909226430133117,-0.5293117608469888,-0.6112602913087738,2.283637449333847,-0.5190168890059804,-0.3909226430133117,-0.5293117608469888,-0.6112602913087738,2.283637449333847,1.6814218647262456,-0.813770374382247,-0.7153440932286868,0.9575610042827964,-0.9575610042827962,1.913874778209553,-1.4985983789692539,-0.31977320394427106,0.7880966025945615,0.21190339740543856,"1"
-1.5852697263568818,-0.6575988753509447,0.004629427854928148,-0.5974203041045631,0.9045433748553049,-1.3700978131084323,0.2779241410283104,-0.0000000000000017763568394002505,0.13692037287884906,0.3425690452740464,1.476022215278908,1.4213886790407293,1.4261797531810672,-0.6587232629410718,-1.5071399258754665,1.027272329633297,-0.5996841247921286,"1",-0.5190168890059804,-0.3909226430133117,-0.5293117608469888,1.6250578476257638,-0.4349785617778755,-0.39092264301331164,-0.560075182923075,-0.45637656588882075,1.7735714125897364,-0.5190168890059805,-0.5805375177573019,-0.673252262093667,1.1397255630082,-0.6837038689316864,1.5469422429523028,-0.487925840004762,-0.3563248778100765,-0.29389932220779774,-1.9527207377323308,1.9527207377323288,0.6010092521851231,-0.33222036417169004,-0.2803731668862628,-0.31977320394427095,0.5600751829230759,-0.4131938608772724,-0.319773203944271,0.46695693643825953,-0.46695693643826,-0.5190168890059804,-0.3909226430133117,-0.5293117608469888,1.6250578476257638,-0.4349785617778755,-0.5190168890059804,-0.3909226430133117,-0.5293117608469888,1.6250578476257638,-0.4349785617778755,-0.5907698443632764,1.2206555615733703,-0.7153440932286868,-1.0373577546396957,1.037357754639696,-0.5190168890059806,0.662841590697939,-0.31977320394427106,0.9984834967275443,0.0015165032724557064,"1"
0.4946820710471147,-1.057562990028746,1.3934577843333094,-0.7457862736669545,0.8123057771474218,0.9729033330867702,-1.3987662893070074,-2.21956093456346,-0.36400782058035475,-0.8293776885582178,-0.361154371823563,-0.2154467092246779,-1.071083649138199,-0.5798814600755922,1.0716166012878734,0.4074937085114865,-1.1329614721792254,"1",1.913874778209553,-0.3909226430133117,-0.5293117608469888,-0.6112602913087738,-0.4349785617778755,-0.39092264301331164,-0.560075182923075,2.1765651603928364,-0.560075182923075,-0.5190168890059805,-0.5805375177573019,-0.673252262093667,1.1397255630082,1.4528707214798344,-0.6421269687726538,-0.487925840004762,-0.3563248778100765,-0.29389932220779774,0.5086919568882526,-0.5086919568882542,-1.6527754435090893,-0.33222036417169004,3.5428972906536833,-0.31977320394427095,-1.773571412589736,2.4040370087404925,-0.319773203944271,0.46695693643825953,-0.46695693643826,1.913874778209553,-0.3909226430133117,-0.5293117608469888,-0.6112602913087738,-0.4349785617778755,1.913874778209553,-0.3909226430133117,-0.5293117608469888,-0.6112602913087738,-0.4349785617778755,-0.5907698443632764,1.2206555615733703,-0.7153440932286868,0.9575610042827964,-0.9575610042827962,-0.5190168890059806,0.662841590697939,-0.31977320394427106,0.9951928926009611,0.004807107399038869,"1"
-0.6464446576392946,-0.5885525936128277,0.004629427854928148,1.776435208893701,1.7346817542262518,-0.3659544647390598,0.43035054378606663,-0.31708013350906716,-0.8649360140395586,-0.9195274373145457,-0.9735465675243866,-0.8701808645308409,1.4261797531810672,-0.6587232629410718,-1.5071399258754665,-1.6730300087115368,-0.5953275585735701,"1",-0.5190168890059804,-0.3909226430133117,-0.5293117608469888,-0.6112602913087738,2.283637449333847,-0.39092264301331164,-0.560075182923075,2.1765651603928364,-0.560075182923075,-0.5190168890059805,-0.5805375177573019,1.4754251701201642,-0.8715548423003886,-0.6837038689316864,-0.6421269687726538,-0.487925840004762,2.7877181616905986,-0.29389932220779774,0.5086919568882526,-0.5086919568882542,-1.6527754435090893,2.989983277545211,-0.2803731668862628,-0.31977320394427095,0.5600751829230759,-0.4131938608772724,-0.319773203944271,-2.1272482659965166,2.127248265996516,-0.5190168890059804,-0.3909226430133117,-0.5293117608469888,-0.6112602913087738,2.283637449333847,-0.5190168890059804,-0.3909226430133117,-0.5293117608469888,-0.6112602913087738,2.283637449333847,-0.5907698443632764,1.2206555615733703,-0.7153440932286868,-1.0373577546396957,1.037357754639696,-0.5190168890059806,-1.4985983789692539,3.1063682668872037,0.9995904592478547,0.0004095407521453494,"1"
0.4438038092585488,-1.3908046746975034,0.004629427854928148,0.886239391519352,-0.8479709815944707,-0.8110143370932505,0.9638429534382129,-1.5854006675453292,1.639704953256461,1.6046655278626383,-0.0000000000000004440892098500626,-0.0000000000000004440892098500626,1.4261797531810672,-0.6587232629410718,-1.5071399258754665,-0.6659925902412833,-1.1117519854123783,"1",-0.5190168890059804,-0.3909226430133117,1.8766507884575065,-0.6112602913087738,-0.4349785617778755,-0.39092264301331164,-0.560075182923075,-0.45637656588882075,1.7735714125897364,-0.5190168890059805,-0.5805375177573019,-0.673252262093667,1.1397255630082,-0.6837038689316864,-0.6421269687726538,2.0358285048474554,-0.3563248778100765,-0.29389932220779774,-1.9527207377323308,1.9527207377323288,-1.6527754435090893,-0.33222036417169004,3.5428972906536833,-0.31977320394427095,-1.773571412589736,2.4040370087404925,-0.319773203944271,-2.1272482659965166,2.127248265996516,-0.5190168890059804,-0.3909226430133117,1.8766507884575065,-0.6112602913087738,-0.4349785617778755,-0.5190168890059804,-0.3909226430133117,1.8766507884575065,-0.6112602913087738,-0.4349785617778755,-0.5907698443632764,1.2206555615733703,-0.7153440932286868,-1.0373577546396957,1.037357754639696,1.913874778209553,-1.4985983789692539,-0.31977320394427106,0.9998362611410043,0.0001637388589956101,"1"
-0.36055728187497116,-0.7952418843197003,0.6990436060941188,0.3669584980509819,0.9045433748553049,-0.5204380567958864,1.6497617658481154,-0.31708013350906716,-1.3658642074987624,-0.9195274373145457,-1.2797426653747985,-1.5249150198370036,-1.071083649138199,-0.5798814600755922,1.0716166012878734,0.45454842482504265,-1.1549243305903405,"0",-0.5190168890059804,2.540997179586523,-0.5293117608469888,-0.6112602913087738,-0.4349785617778755,-0.39092264301331164,1.7735714125897373,-0.45637656588882075,-0.560075182923075,-0.5190168890059805,-0.5805375177573019,1.4754251701201642,-0.8715548423003886,-0.6837038689316864,1.5469422429523028,-0.487925840004762,-0.3563248778100765,-0.29389932220779774,0.5086919568882526,-0.5086919568882542,-1.6527754435090893,2.989983277545211,-0.2803731668862628,-0.31977320394427095,0.5600751829230759,-0.4131938608772724,-0.319773203944271,0.46695693643825953,-0.46695693643826,-0.5190168890059804,2.540997179586523,-0.5293117608469888,-0.6112602913087738,-0.4349785617778755,-0.5190168890059804,2.540997179586523,-0.5293117608469888,-0.6112602913087738,-0.4349785617778755,-0.5907698443632764,1.2206555615733703,-0.7153440932286868,0.9575610042827964,-0.9575610042827962,-0.5190168890059806,0.662841590697939,-0.31977320394427106,0.004382851417164381,0.9956171485828356,"0"
0.38081167561556195,1.1578493043693217,0.6990436060941188,-0.003956425854997114,0.9045433748553049,-0.5204380567958864,1.6497617658481154,-0.31708013350906716,-1.3658642074987624,-0.9195274373145457,-1.2797426653747985,-1.5249150198370036,1.4261797531810672,-0.6587232629410718,-1.5071399258754665,0.45454842482504265,-1.1549243305903405,"0",-0.5190168890059804,2.540997179586523,-0.5293117608469888,-0.6112602913087738,-0.4349785617778755,-0.39092264301331164,1.7735714125897373,-0.45637656588882075,-0.560075182923075,-0.5190168890059805,-0.5805375177573019,-0.673252262093667,1.1397255630082,-0.6837038689316864,1.5469422429523028,-0.487925840004762,-0.3563248778100765,-0.29389932220779774,0.5086919568882526,-0.5086919568882542,-1.6527754435090893,2.989983277545211,-0.2803731668862628,-0.31977320394427095,0.5600751829230759,-0.4131938608772724,-0.319773203944271,0.46695693643825953,-0.46695693643826,-0.5190168890059804,2.540997179586523,-0.5293117608469888,-0.6112602913087738,-0.4349785617778755,-0.5190168890059804,2.540997179586523,-0.5293117608469888,-0.6112602913087738,-0.4349785617778755,-0.5907698443632764,1.2206555615733703,-0.7153440932286868,-1.0373577546396957,1.037357754639696,-0.5190168890059806,0.662841590697939,-0.31977320394427106,0.061621805406853206,0.9383781945931468,"0"
-1.4471715872164883,-0.5404109419801011,-0.6897847503842625,-0.5974203041045631,-1.0324461770102364,-1.4142359822675257,0.2779241410283104,-0.0000000000000017763568394002505,-0.36400782058035475,-0.8293776885582178,-0.361154371823563,-0.2154467092246779,1.4261797531810672,-0.6587232629410718,-1.5071399258754665,1.1967222310843844,0.6983919292205163,"1",1.913874778209553,-0.3909226430133117,-0.5293117608469888,-0.6112602913087738,-0.4349785617778755,-0.39092264301331164,1.7735714125897373,-0.45637656588882075,-0.560075182923075,-0.5190168890059805,1.7110579470741527,-0.673252262093667,-0.8715548423003886,-0.6837038689316864,-0.6421269687726538,2.0358285048474554,-0.3563248778100765,-0.29389932220779774,0.5086919568882526,-0.5086919568882542,0.6010092521851231,-0.33222036417169004,-0.2803731668862628,-0.31977320394427095,0.5600751829230759,-0.4131938608772724,-0.319773203944271,0.46695693643825953,-0.46695693643826,1.913874778209553,-0.3909226430133117,-0.5293117608469888,-0.6112602913087738,-0.4349785617778755,1.913874778209553,-0.3909226430133117,-0.5293117608469888,-0.6112602913087738,-0.4349785617778755,-0.5907698443632764,1.2206555615733703,-0.7153440932286868,-1.0373577546396957,1.037357754639696,-0.5190168890059806,0.662841590697939,-0.31977320394427106,0.5249267603062228,0.47507323969377724,"1"
-1.1528045011540706,-0.44057076355343483,0.6990436060941188,-1.2650671671353249,1.7346817542262518,-0.3659544647390598,0.43035054378606663,-0.0000000000000017763568394002505,1.639704953256461,1.6046655278626383,-0.0000000000000004440892098500626,-0.0000000000000004440892098500626,-1.071083649138199,-0.5798814600755922,1.0716166012878734,-1.6730300087115368,-0.5953275585735701,"1",-0.5190168890059804,-0.3909226430133117,1.8766507884575065,-0.6112602913087738,-0.4349785617778755,-0.39092264301331164,1.7735714125897373,-0.45637656588882075,-0.560075182923075,-0.5190168890059805,-0.5805375177573019,1.4754251701201642,-0.8715548423003886,-0.6837038689316864,-0.6421269687726538,-0.487925840004762,2.7877181616905986,-0.29389932220779774,0.5086919568882526,-0.5086919568882542,0.6010092521851231,-0.33222036417169004,-0.2803731668862628,-0.31977320394427095,0.5600751829230759,-0.4131938608772724,-0.319773203944271,0.46695693643825953,-0.46695693643826,-0.5190168890059804,-0.3909226430133117,1.8766507884575065,-0.6112602913087738,-0.4349785617778755,-0.5190168890059804,-0.3909226430133117,1.8766507884575065,-0.6112602913087738,-0.4349785617778755,-0.5907698443632764,1.2206555615733703,-0.7153440932286868,0.9575610042827964,-0.9575610042827962,-0.5190168890059806,-1.4985983789692539,3.1063682668872037,0.9981638942297444,0.0018361057702556505,"1"
